State/Ut,Constituency Name,Reserved for,Candidate Name,Age,Gender,Party,Total Votes,Margin
"Andhra Pradesh","Araku (ST)","ST","Chetti Thanuja Rani","31","Female","YSRCP","477005","50580"
"Andhra Pradesh","Srikakulam","GEN","Kinjarapu Ram Mohan Naidu","36","Male","TDP","754328","327901"
"Andhra Pradesh","Vizianagaram","GEN","Kalisetti Appala Naidu","50","Male","TDP","743113","249351"
"Andhra Pradesh","Visakhapatnam","GEN","Mathukumilli Bharat","35","Male","TDP","907467","504247"
"Andhra Pradesh","Anakapalli","GEN","C. M. Ramesh","58","Male","BJP","762069","296530"
"Andhra Pradesh","Kakinada","GEN","Tangella Uday Srinivas","38","Male","JSP","729699","229491"
"Andhra Pradesh","Amalapuram (SC)","SC","Ganti Harish Madhur","33","Male","TDP","796981","342196"
"Andhra Pradesh","Rajahmundry","GEN","Daggubati Purandeswari","67","Female","BJP","726515","239139"
"Andhra Pradesh","Narasapuram","GEN","Srinivas Verma","56","Male","BJP","707343","276802"
"Andhra Pradesh","Eluru","GEN","Putta Mahesh Yadav","39","Male","TDP","746351","181857"
"Andhra Pradesh","Machilipatnam","GEN","Vallabhaneni Balasouri","55","Male","JSP","724439","223179"
"Andhra Pradesh","Vijayawada","GEN","Kesineni Sivanath","55","Male","TDP","794154","282085"
"Andhra Pradesh","Guntur","GEN","Chandra Sekhar Pemmasani","48","Male","TDP","864948","344695"
"Andhra Pradesh","Narasaraopet","GEN","Lavu Sri Krishna Devarayalu","41","Male","TDP","807996","159729"
"Andhra Pradesh","Bapatla (SC)","SC","Tenneti Krishna Prasad","64","Male","TDP","717493","208031"
"Andhra Pradesh","Ongole","GEN","Magunta Sreenivasulu Reddy","70","Male","TDP","701894","50199"
"Andhra Pradesh","Nandyal","GEN","Byreddy Sabari","40","Female","TDP","701131","111975"
"Andhra Pradesh","Kurnool","GEN","Panchalingala Nagaraju","45","Male","TDP","658914","111298"
"Andhra Pradesh","Anantapur","GEN","Ambika Lakshminarayana","60","Male","TDP","768245","188555"
"Andhra Pradesh","Hindupur","GEN","B. K. Parthasarathi","64","Male","TDP","725534","132427"
"Andhra Pradesh","Kadapa","GEN","Y. S. Avinash Reddy","39","Male","YSRCP","605143","62695"
"Andhra Pradesh","Nellore","GEN","Vemireddy Prabhakar Reddy","68","Male","TDP","766202","245902"
"Andhra Pradesh","Tirupati (SC)","SC","Maddila Gurumoorthy","38","Male","YSRCP","632228","14569"
"Andhra Pradesh","Rajampet","GEN","P. V. Midhun Reddy","48","Male","YSRCP","644844","76071"
"Andhra Pradesh","Chittoor (SC)","SC","Daggumalla Prasada Rao","62","Male","TDP","778071","220479"
"Arunachal Pradesh","Arunachal West","GEN","Kiren Rijiju","53","Male","BJP","205417","100738"
"Arunachal Pradesh","Arunachal East","GEN","Tapir Gao","59","Male","BJP","145581","30421"
"Assam","Kokrajhar (ST)","ST","Joyanta Basumatary","48","Male","UPPL","488995","51583"
"Assam","Dhubri","GEN","Rakibul Hussain","59","Male","INC","1471885","1012476"
"Assam","Barpeta","GEN","Phani Bhusan Choudhury","72","Male","AGP","860113","222351"
"Assam","Darrang–Udalguri","GEN","Dilip Saikia","50","Male","BJP","868387","329012"
"Assam","Guwahati","GEN","Bijuli Kalita Medhi","45","Female","BJP","894887","251090"
"Assam","Diphu (ST)","ST","Amar Sing Tisso","56","Male","BJP","334620","147603"
"Assam","Karimganj","GEN","Kripanath Mallah","50","Male","BJP","545093","18360"
"Assam","Silchar (SC)","SC","Parimal Suklabaidya","66","Male","BJP","652405","264311"
"Assam","Nowgong","GEN","Pradyut Bordoloi","64","Male","INC","788850","212331"
"Assam","Kaziranga","GEN","Kamakhya Prasad Tasa","48","Male","BJP","897043","248947"
"Assam","Sonitpur","GEN","Ranjit Dutta","67","Male","BJP","775788","361408"
"Assam","Lakhimpur","GEN","Pradan Baruah","58","Male","BJP","663122","201257"
"Assam","Dibrugarh","GEN","Sarbananda Sonowal","62","Male","BJP","693762","279321"
"Assam","Jorhat","GEN","Gourav Gogoi","41","Male","INC","751771","144393"
"Bihar","Valmiki Nagar","GEN","Sunil Kumar","39","Male","JD(U)","523422","98675"
"Bihar","Paschim Champaran","GEN","Sanjay Jaiswal","58","Male","BJP","580421","136568"
"Bihar","Purvi Champaran","GEN","Radha Mohan Singh","74","Male","BJP","542193","88287"
"Bihar","Sheohar","GEN","Lovely Anand","57","Female","JD(U)","476612","29143"
"Bihar","Sitamarhi","GEN","Devesh Chandra Thakur","71","Male","JD(U)","515719","51356"
"Bihar","Madhubani","GEN","Ashok Kumar Yadav","54","Male","BJP","553428","151945"
"Bihar","Jhanjharpur","GEN","Ramprit Mandal","68","Male","JD(U)","533032","184169"
"Bihar","Supaul","GEN","Dileshwar Kamait","78","Male","JD(U)","595038","169803"
"Bihar","Araria","GEN","Pradeep Kumar Singh","58","Male","BJP","600146","20094"
"Bihar","Kishanganj","GEN","Mohammad Jawed","60","Male","INC","402850","59692"
"Bihar","Katihar","GEN","Tariq Anwar","73","Male","INC","567092","49863"
"Bihar","Purnia","GEN","Pappu Yadav","56","Male","Independent","567556","23847"
"Bihar","Madhepura","GEN","Dinesh Chandra Yadav","72","Male","JD(U)","640649","174534"
"Bihar","Darbhanga","GEN","Gopal Jee Thakur","54","Male","BJP","566630","178156"
"Bihar","Muzaffarpur","GEN","Raj Bhushan Nishad","46","Male","BJP","619749","234927"
"Bihar","Vaishali","GEN","Veena Devi","53","Female","LJP(RV)","567043","89634"
"Bihar","Gopalganj (SC)","SC","Alok Kumar Suman","67","Male","JD(U)","511866","127180"
"Bihar","Siwan","GEN","Vijaylakshmi Devi","61","Female","JD(U)","386508","92857"
"Bihar","Maharajganj","GEN","Janardan Singh","65","Male","BJP","529533","102651"
"Bihar","Saran","GEN","Rajiv Pratap Rudy","62","Male","BJP","471752","13661"
"Bihar","Hajipur (SC)","SC","Chirag Paswan","42","Male","LJP(RV)","615718","170105"
"Bihar","Ujiarpur","GEN","Nityanand Rai","58","Male","BJP","515965","60102"
"Bihar","Samastipur (SC)","SC","Shambhavi Choudhary","25","Female","LJP(RV)","579786","187251"
"Bihar","Begusarai","GEN","Giriraj Singh","71","Male","BJP","649331","81480"
"Bihar","Khagaria","GEN","Rajesh Verma","31","Male","LJP(RV)","538657","161131"
"Bihar","Bhagalpur","GEN","Ajay Kumar Mandal","46","Male","JD(U)","536031","104868"
"Bihar","Banka","GEN","Giridhari Yadav","63","Male","JD(U)","506678","103844"
"Bihar","Munger","GEN","Lalan Singh","70","Male","JD(U)","550146","80870"
"Bihar","Nalanda","GEN","Kaushalendra Kumar","65","Male","JD(U)","559422","169114"
"Bihar","Patna Sahib","GEN","Ravi Shankar Prasad","69","Male","BJP","588270","153846"
"Bihar","Pataliputra","GEN","Misha Bharti","47","Female","RJD","613283","85174"
"Bihar","Arrah","GEN","Sudama Prasad","56","Male","CPI(ML)L","529382","59808"
"Bihar","Buxar","GEN","Sudhakar Singh","52","Male","RJD","438345","30091"
"Bihar","Sasaram (SC)","SC","Manoj Kumar","40","Male","INC","513004","19157"
"Bihar","Karakat","GEN","Raja Ram Singh Kushwaha","66","Male","CPI(ML)L","380581","105858"
"Bihar","Jahanabad","GEN","Surendra Prasad Yadav","65","Male","RJD","443035","142591"
"Bihar","Aurangabad","GEN","Abhay Kushwaha","53","Male","RJD","465567","79111"
"Bihar","Gaya (SC)","SC","Jitan Ram Manjhi","78","Male","HAM(S)","494960","101812"
"Bihar","Nawada","GEN","Vivek Thakur","54","Male","BJP","410608","67670"
"Bihar","Jamui (SC)","SC","Arun Bharti","45","Male","LJP(RV)","509046","112482"
"Chattisgarh","Sarguja (ST)","ST","Chintamani Maharaj","56","Male","BJP","713200","64822"
"Chattisgarh","Raigarh (ST)","ST","Radheshyam Rathiya","52","Male","BJP","808275","240391"
"Chattisgarh","Janjgir–Champa (SC)","SC","Kamlesh Jangre","43","Female","BJP","678199","60000"
"Chattisgarh","Korba","GEN","Jyotsna Mahant","70","Female","INC","570182","43283"
"Chattisgarh","Bilaspur","GEN","Tokhan Sahu","53","Male","BJP","724937","164558"
"Chattisgarh","Rajnandgaon","GEN","Santosh Pandey","56","Male","BJP","712057","44411"
"Chattisgarh","Durg","GEN","Vijay Baghel","65","Male","BJP","956497","438226"
"Chattisgarh","Raipur","GEN","Brijmohan Agrawal","64","Male","BJP","1050351","575285"
"Chattisgarh","Mahasamund","GEN","Roop Kumari Choudhary","47","Female","BJP","703659","145456"
"Chattisgarh","Bastar (ST)","ST","Mahesh Kashyap","48","Male","BJP","458398","55245"
"Chattisgarh","Kanker (ST)","ST","Bhojraj Nag","49","Male","BJP","597624","1884"
"Goa","North Goa","GEN","Shripad Yesso Naik","71","Male","BJP","257326","116015"
"Goa","South Goa","GEN","Capt. Viriato Fernandes","54","Male","INC","217836","13535"
"Gujarat","Kachchh","GEN","Vinodbhai Chavda","45","Male","BJP","659574","268782"
"Gujarat","Banaskantha","GEN","Geniben Thakor","48","Female","INC","671883","30406"
"Gujarat","Patan","GEN","Bharatsinhji Dabhi","69","Male","BJP","591947","31876"
"Gujarat","Mahesana","GEN","Haribhai Patel","62","Male","BJP","686406","328046"
"Gujarat","Sabarkantha","GEN","Shobhnaben Mahendrasinh Baraiya","50","Female","BJP","677318","155682"
"Gujarat","Gandhinagar","GEN","Amit Shah","59","Male","BJP","1010972","744716"
"Gujarat","Ahmedabad East","GEN","Hasmukh Patel","63","Male","BJP","770459","461755"
"Gujarat","Ahmedabad West","GEN","Dineshbhai Kodarbhai Makwana","54","Male","BJP","611704","286437"
"Gujarat","Surendranagar","GEN","Chandubhai Chhaganbhai Shihora","61","Male","BJP","669749","261617"
"Gujarat","Rajkot","GEN","Parshottam Rupala","69","Male","BJP","857984","484260"
"Gujarat","Porbandar","GEN","Mansukh Mandaviya","51","Male","BJP","633118","383360"
"Gujarat","Jamnagar","GEN","Poonamben Maadam","49","Female","BJP","620049","238008"
"Gujarat","Junagadh","GEN","Rajesh Chudasama","42","Male","BJP","584049","135494"
"Gujarat","Amreli","GEN","Bharatbhai Manubhai Sutariya","54","Male","BJP","580872","321068"
"Gujarat","Bhavnagar","GEN","Nimu Bambhania","57","Female","BJP","716883","455289"
"Gujarat","Anand","GEN","Mitesh Rameshbhai Patel","59","Male","BJP","612484","89939"
"Gujarat","Kheda","GEN","Devusinh Jesingbhai Chauhan","59","Male","BJP","744435","357758"
"Gujarat","Panchmahal","GEN","Rajpalsinh Mahendrasinh Jadhav","43","Male","BJP","794579","509342"
"Gujarat","Dahod","GEN","Jasvantsinh Sumanbhai Bhabhor","57","Male","BJP","688715","333677"
"Gujarat","Vadodara","GEN","Hemang Yogeshchandra Joshi","33","Male","BJP","873189","582126"
"Gujarat","Chhota Udaipur","GEN","Jashubhai Rathwa","54","Male","BJP","796589","398777"
"Gujarat","Bharuch","GEN","Mansukhbhai Vasava","66","Male","BJP","608157","85696"
"Gujarat","Bardoli","GEN","Parbhubhai Vasava","54","Male","BJP","763950","230253"
"Gujarat","Surat","GEN","Mukesh Dalal","62","Male","BJP","0","0"
"Gujarat","Navsari","GEN","C. R. Patil","69","Male","BJP","1031065","773551"
"Gujarat","Valsad","GEN","Dhaval Patel","37","Male","BJP","764226","210704"
"Haryana","Ambala","GEN","Varun Chaudhary","44","Male","INC","663657","49036"
"Haryana","Kurukshetra","GEN","Naveen Jindal","54","Male","BJP","542175","29021"
"Haryana","Sirsa","GEN","Selja Kumari","61","Female","INC","733823","268497"
"Haryana","Hisar","GEN","Jai Parkash","69","Male","INC","570424","63381"
"Haryana","Karnal","GEN","Manohar Lal Khattar","70","Male","BJP","739285","232577"
"Haryana","Sonipat","GEN","Satpal Brahmachari","60","Male","INC","548682","21816"
"Haryana","Rohtak","GEN","Deepender Singh Hooda","46","Male","INC","783578","345298"
"Haryana","Bhiwani–Mahendragarh","GEN","Dharambir Singh Chaudhary","69","Male","BJP","588664","41510"
"Haryana","Gurgaon","GEN","Rao Inderjit Singh","74","Male","BJP","808336","75079"
"Haryana","Faridabad","GEN","Krishan Pal Gurjar","67","Male","BJP","788569","172914"
"Himachal Pradesh","Kangra","GEN","Rajeev Bharadwaj","62","Male","BJP","632793","251895"
"Himachal Pradesh","Mandi","GEN","Kangana Ranaut","37","Female","BJP","537022","74755"
"Himachal Pradesh","Hamirpur","GEN","Anurag Thakur","50","Male","BJP","607068","182357"
"Himachal Pradesh","Shimla (SC)","SC","Suresh Kumar Kashyap","53","Male","BJP","519748","91451"
"Jharkhand","Rajmahal (ST)","ST","Vijay Kumar Hansdak","41","Male","JMM","613371","178264"
"Jharkhand","Dumka (ST)","ST","Nalin Soren","76","Male","JMM","547370","22527"
"Jharkhand","Godda","GEN","Nishikant Dubey","52","Male","BJP","693140","101813"
"Jharkhand","Chatra","GEN","Kalicharan Singh","62","Male","BJP","574556","220959"
"Jharkhand","Kodarma","GEN","Annpurna Devi","55","Female","BJP","791657","377014"
"Jharkhand","Giridih","GEN","Chandra Prakash Choudhary","55","Male","AJSU","451139","80880"
"Jharkhand","Dhanbad","GEN","Dulu Mahato","49","Male","BJP","789172","331583"
"Jharkhand","Ranchi","GEN","Sanjay Seth","65","Male","BJP","664732","120512"
"Jharkhand","Jamshedpur","GEN","Bidyut Baran Mahato","61","Male","BJP","726174","259782"
"Jharkhand","Singhbhum (ST)","ST","Joba Majhi","60","Female","JMM","520164","168402"
"Jharkhand","Khunti (ST)","ST","Kalicharan Munda","62","Male","INC","511647","149675"
"Jharkhand","Lohardaga (ST)","ST","Sukhdeo Bhagat","63","Male","INC","483038","139138"
"Jharkhand","Palamu (SC)","SC","Vishnu Dayal Ram","72","Male","BJP","770362","288807"
"Jharkhand","Hazaribagh","GEN","Manish Jaiswal","59","Male","BJP","654163","276686"
"Karnataka","Chikkodi","GEN","Priyanka Jarkiholi","27","Female","INC","713461","90834"
"Karnataka","Belgaum","GEN","Jagadish Shettar","68","Male","BJP","762029","178437"
"Karnataka","Bagalkot","GEN","P. C. Gaddigoudar","72","Male","BJP","671039","68399"
"Karnataka","Bijapur","GEN","Ramesh Jigajinagi","71","Male","BJP","672781","77229"
"Karnataka","Gulbarga","GEN","Radhakrishna Doddamani","63","Male","INC","652321","27205"
"Karnataka","Raichur","GEN","G Kumar Naik","60","Male","INC","670966","79781"
"Karnataka","Bidar","GEN","Sagar Eshwar Khandre","26","Male","INC","666317","128875"
"Karnataka","Koppal","GEN","K. Rajashekar Basavaraj Hitnal","44","Male","INC","663511","46357"
"Karnataka","Bellary","GEN","E. Tukaram","57","Male","INC","730845","98992"
"Karnataka","Haveri","GEN","Basavaraj Bommai","64","Male","BJP","705538","43513"
"Karnataka","Dharwad","GEN","Pralhad Joshi","61","Male","BJP","716231","97324"
"Karnataka","Uttara Kannada","GEN","Vishweshwar Hegde Kageri","63","Male","BJP","782495","337428"
"Karnataka","Davanagere","GEN","Prabha Mallikarjun","48","Female","INC","633059","26094"
"Karnataka","Shimoga","GEN","B. Y. Raghavendra","50","Male","BJP","778721","243715"
"Karnataka","Udupi Chikmagalur","GEN","Kota Srinivas Poojary","64","Male","BJP","732234","259175"
"Karnataka","Hassan","GEN","Shreyas. M. Patel","32","Male","INC","672988","42649"
"Karnataka","Dakshina Kannada","GEN","Brijesh Chowta","42","Male","BJP","764132","149208"
"Karnataka","Chitradurga","GEN","Govind Karjol","73","Male","BJP","684890","48121"
"Karnataka","Tumkur","GEN","V. Somanna","72","Male","BJP","720946","175594"
"Karnataka","Mandya","GEN","H.D. Kumaraswamy","65","Male","JD(S)","851881","284620"
"Karnataka","Mysuru-Kodagu","GEN","Yaduveer Wadiyar","32","Male","BJP","795503","139262"
"Karnataka","Chamarajanagar","GEN","Sunil Bose","42","Male","INC","751671","188706"
"Karnataka","Bangalore Rural","GEN","C. N. Manjunath","67","Male","BJP","1079002","269647"
"Karnataka","Bangalore North","GEN","Shobha Karandlaje","57","Female","BJP","986049","259476"
"Karnataka","Bangalore Central","GEN","P. C. Mohan","60","Male","BJP","658915","32707"
"Karnataka","Bangalore South","GEN","Tejasvi Surya","33","Male","BJP","750830","277083"
"Karnataka","Chikballapur","GEN","K. Sudhakar","50","Male","BJP","822619","163460"
"Karnataka","Kolar","GEN","M. Mallesh Babu","49","Male","JD(S)","691481","71388"
"Kerala","Kasaragod","GEN","Rajmohan Unnithan","70","Male","INC","490659","100649"
"Kerala","Kannur","GEN","K. Sudhakaran","75","Male","INC","518524","108982"
"Kerala","Vatakara","GEN","Shafi Parambil","41","Male","INC","557528","114506"
"Kerala","Wayanad","GEN","Rahul Gandhi","53","Male","INC","647445","364422"
"Kerala","Kozhikode","GEN","M. K. Raghavan","71","Male","INC","520421","146176"
"Kerala","Malappuram","GEN","E. T. Mohammed Basheer","77","Male","IUML","644006","300118"
"Kerala","Ponnani","GEN","M. P. Abdussamad Samadani","65","Male","IUML","562516","235760"
"Kerala","Palakkad","GEN","V. K. Sreekandan","54","Male","INC","421169","75283"
"Kerala","Alathur (SC)","SC","K. Radhakrishnan","60","Male","CPI(M)","403447","20111"
"Kerala","Thrissur","GEN","Suresh Gopi","65","Male","BJP","412338","74686"
"Kerala","Chalakudy","GEN","Benny Behanan","71","Male","INC","393913","63496"
"Kerala","Ernakulam","GEN","Hibi Eden","40","Male","INC","482317","250385"
"Kerala","Idukki","GEN","Dean Kuriakose","42","Male","INC","432372","133727"
"Kerala","Kottayam","GEN","K. Francis George","68","Male","KEC","364631","87266"
"Kerala","Alappuzha","GEN","K. C. Venugopal","61","Male","INC","404560","63513"
"Kerala","Mavelikkara (SC)","SC","Kodikunnil Suresh","60","Male","INC","369516","10868"
"Kerala","Pathanamthitta","GEN","Anto Antony","67","Male","INC","367623","66119"
"Kerala","Kollam","GEN","N. K. Premachandran","63","Male","RSP","443628","150302"
"Kerala","Attingal","GEN","Adoor Prakash","68","Male","INC","328051","684"
"Kerala","Thiruvananthapuram","GEN","Shashi Tharoor","68","Male","INC","353679","11601"
"Madhya Pradesh","Morena","GEN","Shivmangal Singh Tomar","64","Male","BJP","515477","52530"
"Madhya Pradesh","Bhind (SC)","SC","Sandhya Ray","50","Female","BJP","537065","64840"
"Madhya Pradesh","Gwalior","GEN","Bharat Singh Kushwah","53","Male","BJP","671535","70210"
"Madhya Pradesh","Guna","GEN","Jyotiraditya Scindia","53","Male","BJP","923302","540929"
"Madhya Pradesh","Sagar","GEN","Lata Wankhede","54","Female","BJP","787979","471222"
"Madhya Pradesh","Tikamgarh (SC)","SC","Virendra Kumar Khatik","70","Male","BJP","715050","403312"
"Madhya Pradesh","Damoh","GEN","Rahul Singh Lodhi","40","Male","BJP","709768","406426"
"Madhya Pradesh","Khajuraho","GEN","Vishnu Datt Sharma","54","Male","BJP","772774","541229"
"Madhya Pradesh","Satna","GEN","Ganesh Singh","61","Male","BJP","459728","84949"
"Madhya Pradesh","Rewa","GEN","Janardan Mishra","67","Male","BJP","477459","193374"
"Madhya Pradesh","Sidhi","GEN","Rajesh Mishra","66","Male","BJP","583559","206416"
"Madhya Pradesh","Shahdol (ST)","ST","Himadri Singh","37","Female","BJP","711143","397340"
"Madhya Pradesh","Jabalpur","GEN","Ashish Dubey","54","Male","BJP","790133","486674"
"Madhya Pradesh","Mandla (ST)","ST","Faggan Singh Kulaste","64","Male","BJP","751375","103846"
"Madhya Pradesh","Balaghat","GEN","Bharti Pardhi","56","Female","BJP","712660","174512"
"Madhya Pradesh","Chhindwara","GEN","Bunty Vivek Sahu","45","Male","BJP","644738","113618"
"Madhya Pradesh","Hoshangabad","GEN","Darshan Singh Choudhary","48","Male","BJP","812147","431696"
"Madhya Pradesh","Vidisha","GEN","Shivraj Singh Chouhan","65","Male","BJP","1116460","821408"
"Madhya Pradesh","Bhopal","GEN","Alok Sharma","56","Male","BJP","981109","501499"
"Madhya Pradesh","Rajgarh","GEN","Rodmal Nagar","63","Male","BJP","758743","146089"
"Madhya Pradesh","Dewas (SC)","SC","Mahendra Singh Solanky","40","Male","BJP","928941","425225"
"Madhya Pradesh","Ujjain (SC)","SC","Anil Firojiya","52","Male","BJP","836104","375860"
"Madhya Pradesh","Mandsaur","GEN","Sudheer Gupta","64","Male","BJP","945761","500655"
"Madhya Pradesh","Ratlam (ST)","ST","Anita Nagarsingh Chouhan","39","Female","BJP","795863","207232"
"Madhya Pradesh","Dhar (ST)","ST","Savitri Thakur","45","Female","BJP","794449","218665"
"Madhya Pradesh","Indore","GEN","Shankar Lalwani","62","Male","BJP","1226751","1008077"
"Madhya Pradesh","Khargone","GEN","Gajendra Singh Patel","49","Male","BJP","819863","135018"
"Madhya Pradesh","Khandwa","GEN","Gyaneswar Patil","55","Male","BJP","862679","269971"
"Madhya Pradesh","Betul (ST)","ST","Durga Das Uikey","60","Male","BJP","848236","379761"
"Maharashtra","Nandurbar (ST)","ST","Adv. Gowaal K Padavi","31","Male","INC","745998","159120"
"Maharashtra","Dhule","GEN","Dr. Shobha Dinesh Bachhav","64","Female","INC","583866","3831"
"Maharashtra","Jalgaon","GEN","Smita Wagh","56","Female","BJP","674428","251954"
"Maharashtra","Raver","GEN","Raksha Khadse","36","Female","BJP","630879","272183"
"Maharashtra","Buldhana","GEN","Prataprao Ganpatrao Jadhav","63","Male","SHS","349867","29479"
"Maharashtra","Akola","GEN","Anup Dhotre","39","Male","BJP","457030","40626"
"Maharashtra","Amravati (SC)","SC","Balwant Basawant Wankhede","56","Male","INC","526271","19731"
"Maharashtra","Wardha","GEN","Amar Sharadrao Kale","50","Male","NCP(SP)","533106","81648"
"Maharashtra","Ramtek (SC)","SC","Shyamkumar Daulat Barve","46","Male","INC","613025","76768"
"Maharashtra","Nagpur","GEN","Nitin Gadkari","67","Male","BJP","655027","137603"
"Maharashtra","Bhandara–Gondiya","GEN","Dr. Prashant Yadavrao Padole","45","Male","INC","587413","37380"
"Maharashtra","Gadchiroli–Chimur (ST)","ST","Dr. Namdeo Dasaram Kirsan","65","Male","INC","617792","141696"
"Maharashtra","Chandrapur","GEN","Pratibha Suresh Dhanorkar","38","Female","INC","718410","260406"
"Maharashtra","Yavatmal–Washim","GEN","Sanjay Deshmukh","55","Male","SS(UBT)","594807","94473"
"Maharashtra","Hingoli","GEN","Nagesh Bapurao Patil Ashtikar","52","Male","SS(UBT)","492535","108602"
"Maharashtra","Nanded","GEN","Vasantrao Balwantrao Chavan","69","Male","INC","528894","59442"
"Maharashtra","Parbhani","GEN","Sanjay Haribhau Jadhav","57","Male","SS(UBT)","601343","134061"
"Maharashtra","Jalna","GEN","Dr. Kalyan Kale","61","Male","INC","607897","109958"
"Maharashtra","Aurangabad","GEN","Sandipanrao Bhumre","62","Male","SHS","476130","134650"
"Maharashtra","Dindori (ST)","ST","Bhaskar Bhagare","53","Male","NCP(SP)","577339","113199"
"Maharashtra","Nashik","GEN","Rajabhau Waje","58","Male","SS(UBT)","616729","162001"
"Maharashtra","Palghar (ST)","ST","Hemant Vishnu Savara","47","Male","BJP","601244","183306"
"Maharashtra","Bhiwandi","GEN","Suresh Mhatre","53","Male","NCP(SP)","499464","66121"
"Maharashtra","Kalyan","GEN","Shrikant Shinde","37","Male","SHS","589636","209144"
"Maharashtra","Thane","GEN","Naresh Mhaske","54","Male","SHS","734231","217011"
"Maharashtra","Mumbai North","GEN","Piyush Goyal","59","Male","BJP","680146","357608"
"Maharashtra","Mumbai North West","GEN","Ravindra Waikar","65","Male","SHS","452644","48"
"Maharashtra","Mumbai North East","GEN","Sanjay Dina Patil","55","Male","SS(UBT)","450937","29861"
"Maharashtra","Mumbai North Central","GEN","Varsha Gaikwad","49","Female","INC","445545","16514"
"Maharashtra","Mumbai South Central","GEN","Anil Desai","66","Male","SS(UBT)","395138","53384"
"Maharashtra","Mumbai South","GEN","Arvind Sawant","72","Male","SS(UBT)","395655","52673"
"Maharashtra","Raigad","GEN","Sunil Tatkare","69","Male","NCP","508352","82784"
"Maharashtra","Maval","GEN","Shrirang Barne","60","Male","SHS","692832","96615"
"Maharashtra","Pune","GEN","Murlidhar Mohol","49","Male","BJP","584728","123038"
"Maharashtra","Baramati","GEN","Supriya Sule","54","Female","NCP(SP)","732312","158333"
"Maharashtra","Shirur","GEN","Amol Kolhe","43","Male","NCP(SP)","698692","140951"
"Maharashtra","Ahmednagar","GEN","Nilesh Dnyandev Lanke","44","Male","NCP(SP)","624797","28929"
"Maharashtra","Shirdi (SC)","SC","Bhausaheb Rajaram Wakchaure","74","Male","SS(UBT)","476900","50529"
"Maharashtra","Beed","GEN","Bajrang Sonawane","53","Male","NCP(SP)","683950","6553"
"Maharashtra","Osmanabad","GEN","Omprakash Rajenimbalkar","40","Male","SS(UBT)","748752","329846"
"Maharashtra","Latur (SC)","SC","Dr. Shivajirao Kalge","54","Male","INC","609021","61881"
"Maharashtra","Solapur (SC)","SC","Praniti Sushilkumar Shinde","43","Female","INC","620225","74197"
"Maharashtra","Madha","GEN","Dhairyasheel Mohite Patil","46","Male","NCP(SP)","622213","120837"
"Maharashtra","Sangli","GEN","Vishal Prakashbapu Patil","43","Male","Independent","571666","100053"
"Maharashtra","Satara","GEN","Udayanraje Bhosale","58","Male","BJP","571134","32771"
"Maharashtra","Ratnagiri–Sindhudurg","GEN","Narayan Rane","72","Male","BJP","448514","47858"
"Maharashtra","Kolhapur","GEN","Shahu Chhatrapati Maharaj","76","Male","INC","754522","154964"
"Maharashtra","Hatkanangle","GEN","Dhairyasheel Sambhajirao Mane","43","Male","SHS","520190","13426"
"Manipur","Inner Manipur","GEN","Angomcha Bimol Akoijam","57","Male","INC","374017","109801"
"Manipur","Outer Manipur","GEN","Alfred Kan-Ngam Arthur","50","Male","INC","384954","85418"
"Meghalaya","Shillong (ST)","ST","Ricky AJ Syngkon","52","Male","VPP","571078","371910"
"Meghalaya","Tura (ST)","ST","Saleng A. Sangma","45","Male","INC","383919","155241"
"Mizoram","Mizoram","GEN","Richard Vanlalhmangaiha","45","Male","ZPM","208552","68288"
"Nagaland","Nagaland","GEN","S. Supongmeren Jamir","61","Male","INC","401951","50984"
"Odisha","Bargarh","GEN","Pradip Purohit","58","Male","BJP","716359","251667"
"Odisha","Sundargarh (ST)","ST","Jual Oram","63","Male","BJP","494282","138808"
"Odisha","Sambalpur","GEN","Dharmendra Pradhan","54","Male","BJP","592162","119836"
"Odisha","Keonjhar (ST)","ST","Ananta Nayak","55","Male","BJP","573923","97042"
"Odisha","Mayurbhanj (ST)","ST","Naba Charan Majhi","62","Male","BJP","585971","219334"
"Odisha","Balasore","GEN","Pratap Chandra Sarangi","69","Male","BJP","563865","147156"
"Odisha","Bhadrak (SC)","SC","Avimanyu Sethi","53","Male","BJP","573319","91544"
"Odisha","Jajpur (SC)","SC","Rabindra Narayan Behera","61","Male","BJP","534239","1587"
"Odisha","Dhenkanal","GEN","Rudra Narayan Pany","64","Male","BJP","598721","76567"
"Odisha","Bolangir","GEN","Sangeeta Kumari Singh Deo","62","Female","BJP","617744","132664"
"Odisha","Kalahandi","GEN","Malvika Devi","43","Female","BJP","544303","133813"
"Odisha","Nabarangpur (ST)","ST","Balabhadra Majhi","63","Male","BJP","481396","87536"
"Odisha","Kandhamal","GEN","Sukanta Kumar Panigrahi","57","Male","BJP","416415","21371"
"Odisha","Cuttack","GEN","Bhartruhari Mahtab","66","Male","BJP","531601","57077"
"Odisha","Kendrapara","GEN","Baijayant Panda","60","Male","BJP","615705","66536"
"Odisha","Jagatsinghpur (SC)","SC","Bibhu Prasad Tarai","59","Male","BJP","589093","40696"
"Odisha","Puri","GEN","Sambit Patra","50","Male","BJP","629330","104709"
"Odisha","Bhubaneswar","GEN","Aparajita Sarangi","54","Female","BJP","512519","35152"
"Odisha","Aska","GEN","Anita Subhadarshini","52","Female","BJP","494226","99974"
"Odisha","Berhampur","GEN","Pradeep Kumar Panigrahy","60","Male","BJP","513102","165476"
"Odisha","Koraput (ST)","ST","Saptagiri Sankar Ulaka","45","Male","INC","471393","147744"
"Punjab","Gurdaspur","GEN","Sukhjinder Singh Randhawa","65","Male","INC","364043","82861"
"Punjab","Amritsar","GEN","Gurjeet Singh Aujla","51","Male","INC","255181","40301"
"Punjab","Khadoor Sahib","GEN","Amritpal Singh","31","Male","Independent","404430","197120"
"Punjab","Jalandhar (SC)","SC","Charanjit Singh Channi","61","Male","INC","390053","175993"
"Punjab","Hoshiarpur (SC)","SC","Raj Kumar Chabbewal","54","Male","AAP","303859","44111"
"Punjab","Anandpur Sahib","GEN","Malwinder Singh Kang","45","Male","AAP","313217","10846"
"Punjab","Ludhiana","GEN","Amrinder Singh Raja Warring","46","Male","INC","322224","20942"
"Punjab","Fatehgarh Sahib (SC)","SC","Amar Singh","70","Male","INC","332591","34202"
"Punjab","Faridkot (SC)","SC","Sarabjeet Singh Khalsa","45","Male","Independent","298062","70053"
"Punjab","Firozpur","GEN","Sher Singh Ghubaya","61","Male","INC","266626","3242"
"Punjab","Bathinda","GEN","Harsimrat Kaur Badal","57","Female","SAD","376558","49656"
"Punjab","Sangrur","GEN","Gurmeet Singh Meet Hayer","35","Male","AAP","364085","172560"
"Punjab","Patiala","GEN","Dharamvir Gandhi","73","Male","INC","305616","14831"
"Rajasthan","Ganganagar (SC)","SC","Kuldeep Indora","54","Male","INC","726492","88153"
"Rajasthan","Bikaner (SC)","SC","Arjun Ram Meghwal","70","Male","BJP","566737","55711"
"Rajasthan","Churu","GEN","Rahul Kaswan","47","Male","INC","728211","72737"
"Rajasthan","Jhunjhunu","GEN","Brijendra Singh Ola","72","Male","INC","553168","18235"
"Rajasthan","Sikar","GEN","Amra Ram","68","Male","CPI(M)","659300","72896"
"Rajasthan","Jaipur Rural","GEN","Rao Rajendra Singh","65","Male","BJP","617877","1618"
"Rajasthan","Jaipur","GEN","Manju Sharma","64","Female","BJP","886850","331767"
"Rajasthan","Alwar","GEN","Bhupender Yadav","55","Male","BJP","631992","48282"
"Rajasthan","Bharatpur (SC)","SC","Sanjana Jatav","26","Female","INC","579890","51983"
"Rajasthan","Karauli–Dholpur (SC)","SC","Bhajan Lal Jatav","55","Male","INC","530011","98945"
"Rajasthan","Dausa (ST)","ST","Murari Lal Meena","65","Male","INC","646266","237340"
"Rajasthan","Tonk–Sawai Madhopur","GEN","Harish Chandra Meena","69","Male","INC","623763","64949"
"Rajasthan","Ajmer","GEN","Bhagirath Choudhary","69","Male","BJP","747462","329991"
"Rajasthan","Nagaur","GEN","Hanuman Beniwal","52","Male","RLP","596955","42225"
"Rajasthan","Pali","GEN","P. P. Chaudhary","70","Male","BJP","757389","245351"
"Rajasthan","Jodhpur","GEN","Gajendra Singh Shekhawat","56","Male","BJP","730056","115677"
"Rajasthan","Barmer","GEN","Ummeda Ram Beniwal","46","Male","INC","704676","118176"
"Rajasthan","Jalore","GEN","Lumbaram Choudhary","59","Male","BJP","796783","201543"
"Rajasthan","Udaipur (ST)","ST","Manna Lal Rawat","52","Male","BJP","738286","261608"
"Rajasthan","Banswara (ST)","ST","Rajkumar Roat","31","Male","BAP","820831","247054"
"Rajasthan","Chittorgarh","GEN","Chandra Prakash Joshi","48","Male","BJP","888202","389877"
"Rajasthan","Rajsamand","GEN","Mahima Kumari Mewar","52","Female","BJP","781203","392223"
"Rajasthan","Bhilwara","GEN","Damodar Agarwal","68","Male","BJP","807640","354606"
"Rajasthan","Kota","GEN","Om Birla","62","Male","BJP","750496","41974"
"Rajasthan","Jhalawar–Baran","GEN","Dushyant Singh","53","Male","BJP","865376","370989"
"Sikkim","Sikkim","GEN","Indra Hang Subba","35","Male","SKM","164366","80830"
"Tamil Nadu","Tiruvallur (SC)","SC","Sasikanth Senthil","44","Male","INC","796956","572155"
"Tamil Nadu","Chennai North","GEN","Kalanidhi Veeraswamy","54","Male","DMK","497333","339222"
"Tamil Nadu","Chennai South","GEN","Thamizhachi Thangapandian","61","Female","DMK","516628","225945"
"Tamil Nadu","Chennai Central","GEN","Dayanidhi Maran","57","Male","DMK","413848","244689"
"Tamil Nadu","Sriperumbudur","GEN","T. R. Baalu","82","Male","DMK","758611","487029"
"Tamil Nadu","Kancheepuram (SC)","SC","G. Selvam","49","Male","DMK","586044","221473"
"Tamil Nadu","Arakkonam","GEN","S. Jagathrakshakan","76","Male","DMK","563216","306559"
"Tamil Nadu","Vellore","GEN","D. M. Kathir Anand","48","Male","DMK","568692","215702"
"Tamil Nadu","Krishnagiri","GEN","K. Gopinath","61","Male","INC","492883","192486"
"Tamil Nadu","Dharmapuri","GEN","A. Mani","55","Male","DMK","432667","21300"
"Tamil Nadu","Tiruvannamalai","GEN","C. N. Annadurai","50","Male","DMK","547379","233931"
"Tamil Nadu","Arani","GEN","M. S. Tharanivendhan","59","Male","DMK","500099","208766"
"Tamil Nadu","Viluppuram (SC)","SC","D. Ravikumar","63","Male","VCK","477033","70703"
"Tamil Nadu","Kallakurichi","GEN","Malaiarasan","48","Male","DMK","561589","53784"
"Tamil Nadu","Salem","GEN","T. M. Selvaganapathi","65","Male","DMK","566085","70357"
"Tamil Nadu","Namakkal","GEN","V. S. Matheswaran[N 2]","51","Male","DMK","462036","29112"
"Tamil Nadu","Erode","GEN","K. E. Prakash","47","Male","DMK","562339","236566"
"Tamil Nadu","Tiruppur","GEN","K. Subbarayan","76","Male","CPI","472739","125928"
"Tamil Nadu","Nilgiris (SC)","SC","A. Raja","60","Male","DMK","473212","240585"
"Tamil Nadu","Coimbatore","GEN","Ganapathi Raj Kumar","58","Male","DMK","568200","118068"
"Tamil Nadu","Pollachi","GEN","Eswarasamy","47","Male","DMK","533377","252042"
"Tamil Nadu","Dindigul","GEN","R. Sachidanandam","53","Male","CPI(M)","670149","443821"
"Tamil Nadu","Karur","GEN","S. Jothimani","48","Female","INC","534906","166816"
"Tamil Nadu","Tiruchirappalli","GEN","Durai Vaiko","51","Male","MDMK","542213","313094"
"Tamil Nadu","Perambalur","GEN","Arun Nehru","40","Male","DMK","603209","389107"
"Tamil Nadu","Cuddalore","GEN","M. K. Vishnu Prasad","51","Male","INC","455053","185896"
"Tamil Nadu","Chidambaram (SC)","SC","Thol. Thirumavalavan","61","Male","VCK","505084","103554"
"Tamil Nadu","Mayiladuthurai","GEN","Sudha Ramakrishnan","46","Female","INC","518459","271183"
"Tamil Nadu","Nagapattinam (SC)","SC","V. Selvaraj","62","Male","CPI","465044","208957"
"Tamil Nadu","Thanjavur","GEN","Murasoli","40","Male","DMK","502245","319583"
"Tamil Nadu","Sivaganga","GEN","Karti P Chidambaram","52","Male","INC","427677","205664"
"Tamil Nadu","Madurai","GEN","Su. Venkatesan","54","Male","CPI(M)","430323","209409"
"Tamil Nadu","Theni","GEN","Thanga Tamil Selvan","63","Male","DMK","571493","278825"
"Tamil Nadu","Virudhunagar","GEN","B. Manickam Tagore","49","Male","INC","385256","4379"
"Tamil Nadu","Ramanathapuram","GEN","K. Navas Kani","44","Male","IUML","509664","166782"
"Tamil Nadu","Thoothukkudi","GEN","Kanimozhi Karunanidhi","56","Female","DMK","540729","392738"
"Tamil Nadu","Tenkasi (SC)","SC","Rani Srikumar","40","Female","DMK","425679","196199"
"Tamil Nadu","Tirunelveli","GEN","C. Robert Bruce","62","Male","INC","502296","165620"
"Tamil Nadu","Kanniyakumari","GEN","Vijay Vasanth","40","Male","INC","546248","179907"
"Telangana","Adilabad (ST)","ST","G. Nagesh","59","Male","BJP","568168","90652"
"Telangana","Peddapalli (SC)","SC","Gaddam Vamsi Krishna","35","Male","INC","475587","131364"
"Telangana","Karimnagar","GEN","Bandi Sanjay Kumar","52","Male","BJP","585116","225209"
"Telangana","Nizamabad","GEN","Dharmapuri Arvind","47","Male","BJP","592318","109241"
"Telangana","Zahirabad","GEN","Suresh Kumar Shetkar","63","Male","INC","528418","46188"
"Telangana","Medak","GEN","Raghunandan Rao","59","Male","BJP","471217","39139"
"Telangana","Malkajgiri","GEN","Etela Rajender","60","Male","BJP","991042","391475"
"Telangana","Secunderabad","GEN","G. Kishan Reddy","63","Male","BJP","473012","49944"
"Telangana","Hyderabad","GEN","Asaduddin Owaisi","54","Male","AIMIM","661981","338087"
"Telangana","Chevella","GEN","Konda Vishweshwar Reddy","64","Male","BJP","809882","172897"
"Telangana","Mahabubnagar","GEN","D. K. Aruna","64","Female","BJP","510747","4500"
"Telangana","Nagarkurnool (SC)","SC","Mallu Ravi","73","Male","INC","465072","94414"
"Telangana","Nalgonda","GEN","Kunduru Raghuveer Reddy","44","Male","INC","784337","559905"
"Telangana","Bhongir","GEN","Chamala Kiran Kumar Reddy","47","Male","INC","629143","222170"
"Telangana","Warangal (SC)","SC","Kadiyam Kavya","41","Female","INC","581294","220339"
"Telangana","Mahabubabad (ST)","ST","Balram Naik","60","Male","INC","612774","349165"
"Telangana","Khammam","GEN","Ramasahayam Raghuram Reddy","63","Male","INC","766929","467847"
"Tripura","Tripura West","GEN","Biplab Kumar Deb","53","Male","BJP","881341","611578"
"Tripura","Tripura East (ST)","ST","Kriti Devi Debbarman","52","Female","BJP","777447","486819"
"Uttar Pradesh","Saharanpur","GEN","Imran Masood","53","Male","INC","547967","64542"
"Uttar Pradesh","Kairana","GEN","Iqra Hasan","29","Female","SP","528013","69116"
"Uttar Pradesh","Muzaffarnagar","GEN","Harendra Singh Malik","69","Male","SP","470721","24672"
"Uttar Pradesh","Bijnor","GEN","Chandan Chauhan","35","Male","RLD","404493","37508"
"Uttar Pradesh","Nagina","GEN","Chandrashekhar Azad Ravan","36","Male","ASP(KR)","512552","151473"
"Uttar Pradesh","Moradabad","GEN","Ruchi Veera","62","Female","SP","637363","105762"
"Uttar Pradesh","Rampur","GEN","Mohibullah Nadvi","48","Male","SP","481503","87434"
"Uttar Pradesh","Sambhal","GEN","Zia ur Rahman Barq","35","Male","SP","571161","121494"
"Uttar Pradesh","Amroha","GEN","Kanwar Singh Tanwar","63","Male","BJP","476506","28670"
"Uttar Pradesh","Meerut","GEN","Arun Govil","72","Male","BJP","546469","10585"
"Uttar Pradesh","Baghpat","GEN","Raj Kumar Sangwan","63","Male","RLD","488967","159459"
"Uttar Pradesh","Ghaziabad","GEN","Atul Garg","66","Male","BJP","854170","336965"
"Uttar Pradesh","Gautam Buddha Nagar","GEN","Mahesh Sharma","64","Male","BJP","857829","559472"
"Uttar Pradesh","Bulandshahr","GEN","Bhola Singh","46","Male","BJP","597310","275134"
"Uttar Pradesh","Aligarh","GEN","Satish Kumar Gautam","51","Male","BJP","501834","15647"
"Uttar Pradesh","Hathras","GEN","Anoop Pradhan","44","Male","BJP","554746","247318"
"Uttar Pradesh","Mathura","GEN","Hema Malini","74","Female","BJP","510064","293407"
"Uttar Pradesh","Agra","GEN","S. P. Singh Baghel","63","Male","BJP","599397","271294"
"Uttar Pradesh","Fatehpur Sikri","GEN","Raj Kumar Chahar","56","Male","BJP","445657","43405"
"Uttar Pradesh","Firozabad","GEN","Akshay Yadav","37","Male","SP","543037","89312"
"Uttar Pradesh","Mainpuri","GEN","Dimple Yadav","46","Female","SP","598526","221639"
"Uttar Pradesh","Etah","GEN","Devesh Shakya","42","Male","SP","475808","28052"
"Uttar Pradesh","Badaun","GEN","Aditya Yadav","35","Male","SP","501855","34991"
"Uttar Pradesh","Aonla","GEN","Neeraj Maurya","55","Male","SP","492515","15969"
"Uttar Pradesh","Bareilly","GEN","Chhatrapal Singh Gangwar","68","Male","BJP","567127","34804"
"Uttar Pradesh","Pilibhit","GEN","Jitin Prasada","50","Male","BJP","607158","164935"
"Uttar Pradesh","Shahjahanpur","GEN","Arun Kumar Sagar","47","Male","BJP","592718","55379"
"Uttar Pradesh","Kheri","GEN","Utkarsh Verma","38","Male","SP","557365","34329"
"Uttar Pradesh","Dhaurahra","GEN","Anand Bhadauriya","46","Male","SP","443743","4449"
"Uttar Pradesh","Sitapur","GEN","Rakesh Rathore","60","Male","INC","531138","89641"
"Uttar Pradesh","Hardoi","GEN","Jai Prakash Rawat","66","Male","BJP","486798","27856"
"Uttar Pradesh","Misrikh","GEN","Ashok Kumar Rawat","57","Male","BJP","475016","33406"
"Uttar Pradesh","Unnao","GEN","Sakshi Maharaj","68","Male","BJP","616133","35818"
"Uttar Pradesh","Mohanlalganj","GEN","R. K. Chaudhary","65","Male","SP","667869","70292"
"Uttar Pradesh","Lucknow","GEN","Rajnath Singh","72","Male","BJP","612709","135159"
"Uttar Pradesh","Rae Bareli","GEN","Rahul Gandhi","53","Male","INC","687649","390030"
"Uttar Pradesh","Amethi","GEN","Kishori Lal Sharma","62","Male","INC","539228","167196"
"Uttar Pradesh","Sultanpur","GEN","Rambhual Nishad","64","Male","SP","444330","43174"
"Uttar Pradesh","Pratapgarh","GEN","S. P. Singh Patel","68","Male","SP","441932","66206"
"Uttar Pradesh","Farrukhabad","GEN","Mukesh Rajput","55","Male","BJP","487963","2678"
"Uttar Pradesh","Etawah","GEN","Jitendra Dohre","57","Male","SP","490747","58419"
"Uttar Pradesh","Kannauj","GEN","Akhilesh Yadav","50","Male","SP","642292","170922"
"Uttar Pradesh","Kanpur","GEN","Ramesh Awasthi","56","Male","BJP","443055","20968"
"Uttar Pradesh","Akbarpur","GEN","Devendra Singh","70","Male","BJP","517423","44345"
"Uttar Pradesh","Jalaun","GEN","Narayan Das Ahirwar","63","Male","SP","530180","53898"
"Uttar Pradesh","Jhansi","GEN","Anurag Sharma","59","Male","BJP","690316","102614"
"Uttar Pradesh","Hamirpur","GEN","Ajendera Singh Rajput","53","Male","SP","490683","2629"
"Uttar Pradesh","Banda","GEN","Krishna Devi Patel","54","Female","SP","406567","71210"
"Uttar Pradesh","Fatehpur","GEN","Naresh Uttam Patel","68","Male","SP","500328","33199"
"Uttar Pradesh","Kaushambi","GEN","Pushpendra Saroj","25","Male","SP","509787","103944"
"Uttar Pradesh","Phulpur","GEN","Praveen Patel","45","Male","BJP","452600","4332"
"Uttar Pradesh","Allahabad","GEN","Ujjwal Rewati Raman Singh","51","Male","INC","462145","58795"
"Uttar Pradesh","Barabanki","GEN","Tanuj Punia","39","Male","INC","719927","215704"
"Uttar Pradesh","Faizabad","GEN","Awadhesh Prasad","79","Male","SP","554289","54567"
"Uttar Pradesh","Ambedkar Nagar","GEN","Lalji Verma","68","Male","SP","544959","137247"
"Uttar Pradesh","Bahraich","GEN","Anand Kumar Gond","49","Male","BJP","518802","64227"
"Uttar Pradesh","Kaiserganj","GEN","Karan Bhushan Singh","33","Male","BJP","571263","148843"
"Uttar Pradesh","Shravasti","GEN","Ram Shiromani Verma","48","Male","SP","511055","76673"
"Uttar Pradesh","Gonda","GEN","Kirti Vardhan Singh","58","Male","BJP","474258","46224"
"Uttar Pradesh","Domariyaganj","GEN","Jagdambika Pal","74","Male","BJP","463303","42728"
"Uttar Pradesh","Basti","GEN","Ram Prasad Chaudhary","70","Male","SP","527005","100994"
"Uttar Pradesh","Sant Kabir Nagar","GEN","Laxmikant alias Pappu Nishad","51","Male","SP","498695","92170"
"Uttar Pradesh","Maharajganj","GEN","Pankaj Chaudhary","59","Male","BJP","591310","35451"
"Uttar Pradesh","Gorakhpur","GEN","Ravindra Kishan Shukla","55","Male","BJP","584512","103526"
"Uttar Pradesh","Kushinagar","GEN","Vijay Kumar Dubey","57","Male","BJP","516345","81790"
"Uttar Pradesh","Deoria","GEN","Shashank Mani Tripathi","54","Male","BJP","504541","34842"
"Uttar Pradesh","Bansgaon","GEN","Kamlesh Paswan","47","Male","BJP","428693","3150"
"Uttar Pradesh","Lalganj","GEN","Daroga Saroj","71","Male","SP","439959","115023"
"Uttar Pradesh","Azamgarh","GEN","Dharmendra Yadav","45","Male","SP","508239","161035"
"Uttar Pradesh","Ghosi","GEN","Rajiv Rai","54","Male","SP","503131","162943"
"Uttar Pradesh","Salempur","GEN","Ramashankar Rajbhar","63","Male","SP","405472","3573"
"Uttar Pradesh","Ballia","GEN","Sanatan Pandey","61","Male","SP","467068","43384"
"Uttar Pradesh","Jaunpur","GEN","Babu Singh Kushwaha","57","Male","SP","509130","99335"
"Uttar Pradesh","Machhlishahr","GEN","Priya Saroj","25","Female","SP","451292","35850"
"Uttar Pradesh","Ghazipur","GEN","Afzal Ansari","70","Male","SP","539912","124861"
"Uttar Pradesh","Chandauli","GEN","Virendra Singh","65","Male","SP","474476","21565"
"Uttar Pradesh","Varanasi","GEN","Narendra Modi","73","Male","BJP","612970","152513"
"Uttar Pradesh","Bhadohi","GEN","Vinod Kumar Bind","50","Male","BJP","459982","44072"
"Uttar Pradesh","Mirzapur","GEN","Anupriya Patel","43","Female","AD(S)","471631","37810"
"Uttar Pradesh","Robertsganj","GEN","Chhotelal Kharwar","51","Male","SP","465848","129234"
"Uttarakhand","Tehri Garhwal","GEN","Mala Rajya Laxmi Shah","73","Female","BJP","462603","272493"
"Uttarakhand","Garhwal","GEN","Anil Baluni","53","Male","BJP","432159","163503"
"Uttarakhand","Almora (SC)","SC","Ajay Tamta","51","Male","BJP","429167","234097"
"Uttarakhand","Nainital–Udhamsingh Nagar","GEN","Ajay Bhatt","64","Male","BJP","772671","334548"
"Uttarakhand","Haridwar","GEN","Trivendra Singh Rawat","63","Male","BJP","653808","164056"
"West Bengal","Cooch Behar (SC)","SC","Jagadish Chandra Basunia","60","Male","AITC","788375","39250"
"West Bengal","Alipurduars (ST)","ST","Manoj Tigga","51","Male","BJP","695314","75447"
"West Bengal","Jalpaiguri (SC)","SC","Jayanta Kumar Roy","56","Male","BJP","766568","86693"
"West Bengal","Darjeeling","GEN","Raju Bista","38","Male","BJP","679331","178525"
"West Bengal","Raiganj","GEN","Kartick Chandra Paul","49","Male","BJP","560897","68197"
"West Bengal","Balurghat","GEN","Sukanta Majumder","44","Male","BJP","574996","10386"
"West Bengal","Maldaha Uttar","GEN","Khagen Murmu","64","Male","BJP","527023","77708"
"West Bengal","Maldaha Dakshin","GEN","Isha Khan Choudhury","53","Male","INC","572395","128368"
"West Bengal","Jangipur","GEN","Khalilur Rahaman","64","Male","AITC","544427","116637"
"West Bengal","Baharampur","GEN","Yusuf Pathan","41","Male","AITC","524516","85022"
"West Bengal","Murshidabad","GEN","Abu Taher Khan","62","Male","AITC","682442","164215"
"West Bengal","Krishnanagar","GEN","Mahua Moitra","49","Female","AITC","628789","56705"
"West Bengal","Ranaghat (SC)","SC","Jagannath Sarkar","61","Male","BJP","782396","186899"
"West Bengal","Bangaon (SC)","SC","Shantanu Thakur","42","Male","BJP","719505","73693"
"West Bengal","Barrackpore","GEN","Partha Bhowmick","60","Male","AITC","520231","64438"
"West Bengal","Dum Dum","GEN","Saugata Roy","76","Male","AITC","528579","70660"
"West Bengal","Barasat","GEN","Kakoli Ghosh Dastidar","65","Female","AITC","692010","114189"
"West Bengal","Basirhat","GEN","Haji Nurul Islam","61","Male","AITC","803762","333547"
"West Bengal","Jaynagar (SC)","SC","Pratima Mondal","58","Female","AITC","894312","470219"
"West Bengal","Mathurapur (SC)","SC","Bapi Halder","37","Male","AITC","755731","201057"
"West Bengal","Diamond Harbour","GEN","Abhishek Banerjee","36","Male","AITC","1048230","710930"
"West Bengal","Jadavpur","GEN","Saayoni Ghosh","31","Female","AITC","717899","258201"
"West Bengal","Kolkata Dakshin","GEN","Mala Roy","66","Female","AITC","615274","187231"
"West Bengal","Kolkata Uttar","GEN","Sudip Bandyopadhyay","75","Male","AITC","454696","92560"
"West Bengal","Howrah","GEN","Prasun Banerjee","69","Male","AITC","626493","169442"
"West Bengal","Uluberia","GEN","Sajda Ahmed","62","Female","AITC","724622","218673"
"West Bengal","Srerampur","GEN","Kalyan Banerjee","67","Male","AITC","673970","174830"
"West Bengal","Hooghly","GEN","Rachana Banerjee","51","Female","AITC","702744","76853"
"West Bengal","Arambagh (SC)","SC","Mitali Bag","47","Female","AITC","712587","6399"
"West Bengal","Tamluk","GEN","Abhijit Gangopadhyay","61","Male","BJP","765584","77733"
"West Bengal","Kanthi","GEN","Soumendu Adhikari","41","Male","BJP","763195","47764"
"West Bengal","Ghatal","GEN","Deepak Adhikari","41","Male","AITC","837990","182868"
"West Bengal","Jhargram (ST)","ST","Kalipada Soren","66","Male","AITC","743478","174048"
"West Bengal","Medinipur","GEN","June Malia","54","Female","AITC","702192","27191"
"West Bengal","Purulia","GEN","Jyotirmay Singh Mahato","39","Male","BJP","578489","17079"
"West Bengal","Bankura","GEN","Arup Chakraborty","68","Male","AITC","641813","32778"
"West Bengal","Bishnupur (SC)","SC","Saumitra Khan","43","Male","BJP","680130","5567"
"West Bengal","Bardhaman Purba (SC)","SC","Sharmila Sarkar","45","Female","AITC","730302","160572"
"West Bengal","Bardhaman–Durgapur","GEN","Kirti Azad","65","Male","AITC","720667","137981"
"West Bengal","Asansol","GEN","Shatrughan Sinha","77","Male","AITC","605645","59564"
"West Bengal","Bolpur (SC)","SC","Asit Kumar Mal","69","Male","AITC","855633","327253"
"West Bengal","Birbhum","GEN","Satabdi Roy","55","Female","AITC","717961","197650"
"Andaman & Nicobar","Andaman and Nicobar Islands","GEN","Bishnu Pada Ray","73","Male","BJP","102182","24396"
"Chandigarh","Chandigarh","GEN","Manish Tewari","58","Male","INC","216657","2504"
"Dadra & Daman","Dadra and Nagar Haveli","GEN","Kalaben Delkar","53","Female","BJP","121074","57584"
"Dadra & Daman","Daman and Diu","GEN","Umesh Babubhai Patel","47","Male","Independent","42523","6225"
"Delhi","Chandni Chowk","GEN","Praveen Khandelwal","64","Male","BJP","516496","89325"
"Delhi","North East Delhi","GEN","Manoj Tiwari","53","Male","BJP","824451","138778"
"Delhi","East Delhi","GEN","Harsh Malhotra","60","Male","BJP","664819","93663"
"Delhi","New Delhi","GEN","Bansuri Swaraj","40","Female","BJP","453185","78370"
"Delhi","North West Delhi","GEN","Yogendra Chandolia","61","Male","BJP","866483","290849"
"Delhi","West Delhi","GEN","Kamaljeet Sehrawat","51","Female","BJP","842658","199013"
"Delhi","South Delhi","GEN","Ramvir Singh Bidhuri","71","Male","BJP","692832","124333"
"Jammu & Kashmir","Baramulla","GEN","Abdul Rashid Sheikh","58","Male","Independent","472481","204142"
"Jammu & Kashmir","Srinagar","GEN","Aga Syed Ruhullah Mehdi","46","Male","JKNC","356866","188416"
"Jammu & Kashmir","Anantnag–Rajouri","GEN","Mian Altaf Ahmed Larvi","66","Male","JKNC","521836","281794"
"Jammu & Kashmir","Udhampur","GEN","Jitendra Singh","67","Male","BJP","571076","124373"
"Jammu & Kashmir","Jammu","GEN","Jugal Kishore Sharma","61","Male","BJP","687588","135498"
"Ladakh","Ladakh","GEN","Mohmad Haneefa","55","Male","Independent","65629","27862"
"Lakshadweep","Lakshadweep","GEN","Muhammed Hamdulla Sayeed","41","Male","INC","25726","2647"
"Puducherry","Puducherry","GEN","V. Vaithilingam","73","Male","INC","426005","136516"
